1,tester,pbkdf2_sha256$720000$cxWpGyXXkkRVaZzwgZqyMW$SYoTubU8oerB5tCUhEBF0+bkk76AZiKRNUQkwCX9SUU=
2,tester_created,Pass12345
1,tester,pbkdf2_sha256$720000$xPru82IWAIwOeaxXn8wNRy$AqpSx89nluJYstLU75eEEloN0ydAO22G0grQKd3ji4Q=
1,tester,pbkdf2_sha256$720000$wWFIKlfne33WMPip1gHcIb$M3BkQyZktxuFdo71xQerSjwrUYqI6b/G7syTbwOUoMs=
1,tester,pbkdf2_sha256$720000$8da9Z63jHRnQVMnpJ3ihD4$sb1vAeJXJiPpEnjxeoQMjS19fyhYdbDxs5BYflXTvag=
1,tester,pbkdf2_sha256$720000$s4AxeK47ie6QwOcZkGWBod$polXMI2b3R+iITb5tdOqdn1n7UXdWCNGn2k6LT0n1tw=
1,tester,Update12345
1,tester,pbkdf2_sha256$720000$vNv8u5rOgNe3dBHXk7JyMb$SxMNv6K64MTcX2L2VdBOA4/PkSMGD9+kLjtSmc5GhKg=
2,tester_created,Pass12345
1,tester,pbkdf2_sha256$720000$zpV5HQ6SPZHs0La9K1NeQK$cQUQn6yf+PK42EGjgeF3MMoK1iyC79/egq43ycMEtaI=
1,tester,pbkdf2_sha256$720000$AiRSTjpObYAx8R222fGTuL$jH1eHmpqkBO6jfioS+SVJBEH14n8CXsRcYHwqRJFz8w=
1,tester,pbkdf2_sha256$720000$2lvGFAwDA5KIYqbpH7CBTn$p7drwrsWsXfdbU1wROUG7bF6OePo3G2JowiNktX8hvA=
1,tester,pbkdf2_sha256$720000$rrKaKfdL5itV0VIcZZKFQ6$ApfNG++kBYqUsbvOyWBXN2J35avvdmxge9xIOddNWtY=
1,tester,Update12345
1,tester,pbkdf2_sha256$720000$C80JDzl99T9bpVEKA7lwtt$zfhqjB7sqjhDatwMhjtbhy6sBKWyK6//6BdaCTT9B5Q=
2,tester_created,Pass12345
1,tester,pbkdf2_sha256$720000$7h0dfDFaA30UjbL1xIX5mK$JbQtOkgxh8eN0fu0eUPrJNw8mkVilb4gn0xG6N7ASSU=
1,tester,pbkdf2_sha256$720000$ICeHtnixeLjTiEqZLFjA8F$lQs0XxBpaO2564I32xVhmmZvlccFc59NP71ewg/J1Rk=
1,tester,pbkdf2_sha256$720000$GzGAIOvVO73aM3vFOSLxyj$oqV1/o7PaECYyOPp5+pA76rNXQr3jFnYv+5d+8Fxw4c=
1,tester,pbkdf2_sha256$720000$nlosZLTLWZQV2mmYVbU6il$UH+MmSZz3aLaRe+mhO03vpJ5z1QSZNxe+wKK62hRdAM=
1,tester,Update12345
1,tester,pbkdf2_sha256$720000$6ruqlL3HHv32W7riEr7w4d$UtERXqnmJSCOjhLsBNJRgc/krG4/x1LuBFvh7sBnSUo=
2,tester_created,Pass12345
1,tester,pbkdf2_sha256$720000$wQrYxKSNmJaLz5Q8R9J3eo$x0CcAooI+gCtsZ581OoaVUJBFJAbWAtfYpSgX9VcYfY=
1,tester,pbkdf2_sha256$720000$Zm18Y8pxaYcsRM7g4nxFcf$3bWh16Sj1vId3osduY8jgbZO1j9ciX+0cnfhUkt+Iw8=
1,tester,pbkdf2_sha256$720000$dpFSlKueSCFs2MMKRsJh1j$RDi3YqbZW9C7HRW1xoD2/Iq99mmBIDbm+G5yevBf7UI=
1,tester,pbkdf2_sha256$720000$V2jJ2zltEpNjtegZyTKLSt$YQzyBZRVQQTs79IoUX3e2dvvZPDEvBMREcGxtcDt2MQ=
1,tester,Update12345
1,tester,pbkdf2_sha256$720000$ZxBuvUWfjRMalgSRvQ7dH4$czcY5ynZhkr+oXdYOoqaSmu0S7ed6BKVeS4MJ6WiHPU=
2,tester_created,Pass12345
1,tester,pbkdf2_sha256$720000$Ns8y1C1KMVT8RkP2Qmlj7Q$mDi96YmyvjscyXV2bcRLuZYrMZ4gqfG8Map6jF5w+go=
1,tester,pbkdf2_sha256$720000$mDg4qHZz9d36dyU10C3lx7$OG2DDf5u02JqY/9zPPsKQKluNJyUb0BeaDhOr0R+las=
1,tester,pbkdf2_sha256$720000$jPVG1ByurbFxFjOYRBeQLV$yDngnCoEyrkNg/v/LKc3NZPnP+bZFTGv86Fba844bWo=
1,tester,pbkdf2_sha256$720000$1Q2z5LSFuexLyGQ5YsJFWK$pTNFviaQqKycvZsraEK0rn0UQ0SKCJCtOxkf4GwyNQ0=
1,tester,Update12345
1,tester,pbkdf2_sha256$720000$pbRd4nJhaeI2GEGJUchSrt$Tm6JbvR8oc2OJOxSDGcuxmnV/9ZERgTu870wPXtWPJ0=
2,tester_created,Pass12345
1,tester,pbkdf2_sha256$720000$ScU9bo0t2jFxMCVXVufwY4$jrXW1o/jsaSTxE5x+EOPI9GA+KOLPC+ziul2dYSoHzs=
1,tester,pbkdf2_sha256$720000$NRd7lxcJW8QuxroY8PcmYI$T+QsJTNC6wBwrNqda0fcJE3MFgvGTZuQfdBdpUyXRZ8=
1,tester,pbkdf2_sha256$720000$UxDB8e5GFhl4nQk8fyq8tQ$LAiS22sQhSzKIS0TMFw8IysJm/XJa+GYrnabMMwIkqM=
1,tester,pbkdf2_sha256$720000$f0Pu6zJ6RIN6Yg0cHwSDUd$VyvYMUFpelgLRHjTH7BmaSmZ3SkkD2Z47+HksiRIIuQ=
1,tester,Update12345
1,tester,pbkdf2_sha256$720000$NdnL8Cm8b1tvJcOApQ6rLy$0u0Bzfai232twndPPl9g7rCWP2n4Fk8IVWhZuRxTlNA=
2,tester_created,Pass12345
1,tester,pbkdf2_sha256$720000$Njv9tUqishFJgcKzYogpCo$/ayRMJCGZMZFFFuYIiwhrZEj/SoX1WpvVgekjgQmuWE=
1,tester,pbkdf2_sha256$720000$DeKTKn0Ldij3FsUyCBWXmJ$7TzXvYE9AZu6cEqa32NE9X+FoI6VqdR+rHoFNMy95Vg=
1,tester,pbkdf2_sha256$720000$IPukmHCTFXOZ5p2fVyWnPW$bW0gVb2+OTtcgacS1eklN2GIbFlkRL/EBOmVhPuHrY8=
1,tester,pbkdf2_sha256$720000$qyEjZQ2btbzVliGG46mL84$VOdw1hd2xffl9FFGmGFcOM/CnNLKtGJRFQ5lMuVNnFA=
1,tester,Update12345
1,tester,pbkdf2_sha256$720000$BKv5ocNFhOhoMhtG1azzOy$JQBeeraRXlrXy0hgaMgawBRpCOnFddTpX+rwjOiDDu0=
2,tester_created,Pass12345
1,tester,pbkdf2_sha256$720000$j3kTXeVF3TMHXOeoO28W3g$tQfD0qo/NIt2O7mS9nqqk4G4yD88Y3LxiQn1qi55PmE=
1,tester,pbkdf2_sha256$720000$0GgTmt73hrHbtaTUCERkb0$LDzo57vdrACHLjqULQNYNkzWwd9TqWEctIQcKppbPxI=
1,tester,pbkdf2_sha256$720000$MFp6QjInzPPEt8I56y2F7w$U+MVaB5fm2f/xbro6eWeZspM35EpIM8Nq7lrhCYxn+8=
1,tester,pbkdf2_sha256$720000$l3iqCU9YdzS5ztEWAkIb9N$njeae0lu/b9rZy+iplACpNEucXEwRG9ZD3BM0cMXjnI=
1,tester,Update12345
1,tester,pbkdf2_sha256$720000$VLJptVxG8fgTYbmyuiJP2g$nMOlOyOs8E2KajMOTxAD3E1SE9HuSdnRGWrhCbx5Fv0=
2,tester_created,Pass12345
1,tester,pbkdf2_sha256$720000$pMnJIolPIz7SMDPXr7bYLl$1X3MPpzc8jGKX/A0z6N2qPUSy5dafhQ/xMOvxhqJ1Ek=
1,tester,pbkdf2_sha256$720000$dR1yRAIej8a04FmPe86UMk$gzlAkkswYvk0B0nQ/P/a+8BepkPjMWKIzARoSf5egH8=
1,tester,pbkdf2_sha256$720000$0XyJbQckIIe6Gb0g25Pjur$nQNEDUYMLlxUOJCmvjGh5wPb/Q0tJu7lEf8cjIoi/xk=
1,tester,pbkdf2_sha256$720000$t84GtE2PSPSJNMpW09AWeX$MzYX2rTpKhaLqwbGrZiaYnLqFMBVTUY2KWcCMYJABi0=
1,tester,Update12345
1,tester,pbkdf2_sha256$720000$3n47qU3VwL7UIdMhDpG3dI$3N/XJsnZ3+WG8/eaT++oRXw00uENyWzS1d/bLTgM3YA=
2,tester_created,Pass12345
1,tester,pbkdf2_sha256$720000$NFtLVybDuht1bqYzgnNaQI$v6KLWy/lj32P9fdyFD6XJB1gqGiC0NLZB6q5T0efXIY=
1,tester,pbkdf2_sha256$720000$7O20clypH9bqxnNmnf9qDm$sm9AMwpn9qkiCKuJgQj4XCSRFUPN1l1RqO1FmXAZtRo=
1,tester,pbkdf2_sha256$720000$MBMJljM7yD6dNX2PPsTtBF$3LaNRtzspqetxYkTc57oD4Fdrfe+VuOCFN4yGEKjdVM=
1,tester,pbkdf2_sha256$720000$77QcOPix9Fbh9JiSFBq60h$UKNIe+b+MDJjiToZ9B9MuIVT30wgO7j9xjXZU+Ks/fc=
1,tester,Update12345
1,tester,pbkdf2_sha256$720000$akn1uYUrQ0RlCvld0fLY2b$50mSBf4xWqHKqBUEFMs0l26ODv+A7ij73y0yh5vG9es=
2,tester_created,Pass12345
1,tester,pbkdf2_sha256$720000$MyElJVq5CM5NgxCYS3JS46$wTUVNiJC0Ru6txYCUG5whEP2Zc3J9wZT+UwRV063ceI=
1,tester,pbkdf2_sha256$720000$OcsJX1PhFb24yhAp1XEulr$LohbbHwUosdQOpHorOntE8xMLzZHvlgFcelnlPtYpzk=
1,tester,pbkdf2_sha256$720000$kFWnRjt7kFL7aljuOSA8tG$0NcM/Smykfvs4rw9MDs0NMuVWYeR1WGP9zUB3QH84e8=
1,tester,pbkdf2_sha256$720000$tR6dj5CSOKz0StRZl93UZH$a1/nIYRm6oxmlcL5siqG2nsV4qxmuDGjHJOaHCH47og=
1,tester,Update12345
1,tester,pbkdf2_sha256$720000$bouN9FeQyH4EuFyJ7Qh0BC$4dM4yMExX2ZdSSr3b4Dc2A3TBtqWW+IPJi+M9eH4Q8c=
2,tester_created,Pass12345
1,tester,pbkdf2_sha256$720000$mLF13lnwQKXCjSed5dbeIS$n+E064flWcUyaI3aWS09Of1bKEl3u5hJgVW+ceWk+i8=
1,tester,pbkdf2_sha256$720000$oVFSczOxWHtlziDF7hTr5f$maKHlp1fr6AHf46U97IYcCX153D/MFNrZJcrm2ptBHA=
1,tester,pbkdf2_sha256$720000$hoSQ564M4XPZxrF2vKG5xb$BEgp9Pk1kqSdwG93pFik0A/uV0+s478ium3quIzKIzA=
1,tester,pbkdf2_sha256$720000$Fitu5De9Joa4r2ZxMA6kGc$X1QZfCyxWQfr14mIpEroPgHfPhN29sRCi3Mawb3WQJA=
1,tester,Update12345
1,tester,pbkdf2_sha256$720000$Vz6EJml7fnV13qJWVKr77H$o02G0QCnpY3BZjsdPu37Yk9gZaTsXAUEQgA8iOfLKLI=
2,tester_created,Pass12345
1,tester,pbkdf2_sha256$720000$uzGZZ7HyWWRm2l0l7A5rKm$yTqYJo8wJ7ZWPZXHgT3RUxGaKA+SbXGk3wqVEz/i+8Y=
1,tester,pbkdf2_sha256$720000$z6Rc1k9W3qX2ezkaCg2nJM$HD3wp+QaPYcuw3Ae1vM1z7p2Jq/PDuMG61bOvGgZSJE=
1,tester,pbkdf2_sha256$720000$tGISaPqAA7XzYswnuRY6gQ$sY2HV5VO9mEBwSgLizEiiBTPdme5wforbfP+qB5Oewc=
1,tester,pbkdf2_sha256$720000$bQFEs8TfgeZjMrB7WhwRSL$xNJCnHnzL6SSTM0cJtCdr/RloF2d2FodFm8hFl38NBc=
1,tester,Update12345
1,tester,pbkdf2_sha256$720000$aKpwvCOr3ClrD3TdbgFsq4$WdH6Wo0e53vExg1p1rkNuLg4Qsgj/NJvO1wyXeCfC9Q=
2,tester_created,Pass12345
1,tester,pbkdf2_sha256$720000$f2OYstjcz0DVJSRPvuC9BY$s4GF3DiesZEjhPoYszNVfuF5e2TF+XQYCY3IYENrLqA=
1,tester,pbkdf2_sha256$720000$RyDLMRVFEhw0uY8dM9l2a8$R9/RHSsEWFqTZUurhDsdiD37bZunPyHlFvs87O/OVvU=
1,tester,pbkdf2_sha256$720000$M7L99L2OiYILLxard1treV$QbuaZ5JWHf3b9aSPRw+Y4Wnu7F7/pPXgwtaCN26c86U=
1,tester,pbkdf2_sha256$720000$oDe7I1DjRH6Ay9lxYaJOA2$gt3Xhr3cl3DpQcvthxFeKiGZLhJOlNRUaxd9g3d4O20=
1,tester,Update12345
1,tester,pbkdf2_sha256$720000$XCGka8n0bwa1iSbqY4OrGS$xdLjjLV9q9z/6I/mHexwj1INkZfSuTLR5fibOaH75O0=
2,tester_created,Pass12345
1,tester,pbkdf2_sha256$720000$KjbeqCatCLnLxDrWQe2pE6$ys9hp1GZRm3gNdACAsjEzOnVI7DAAcw4xt3LZ0BD8s8=
1,tester,pbkdf2_sha256$720000$OsOkm4thefMHj0nzF56PQ9$7DMPnDQYggSD+BJLTMllQFNviwi2Y51XZSD9IhTYnws=
1,tester,pbkdf2_sha256$720000$BBvpbx11fu3LOdOwwYtbhU$aS09VGGZQ9rxMeaGd6gL6vsjCVT+jLtJLbtX3rToRlA=
1,tester,pbkdf2_sha256$720000$9aFgRd50zDmxUgdQxV3C6a$w4JGC9FKyRxNo+KKc179Z++29Tc0k55n7XRRYknrrwA=
1,tester,Update12345
1,tester,pbkdf2_sha256$720000$m1zIuEW7PFEkZRPGYgdqpH$cMJDeBZhR6e47/zJVfj6SG7XOdtYwjEXfVaJsVbCTsc=
2,tester_created,Pass12345
1,tester,pbkdf2_sha256$720000$aKZsP5T5yDFx5UgX9cnc9J$bw/mVawH5GC2BntCFqCduRrnBbd6K/qsfqwac7VRBLA=
1,tester,pbkdf2_sha256$720000$Ek6HxYNa5oHrntSGhb1MC0$vq1cIaaJpv4JOq6rxh2qPHo3AnbBThxX00YsmQMdhhM=
1,tester,pbkdf2_sha256$720000$MgFh9xsiHzXGuSwwCGiUOE$PMyUAk5fsD/VTrpafqe464uU7zFFvZqKO7EW8dedmkA=
1,tester,pbkdf2_sha256$720000$oDTnIIvNv4cP7gNO8p0S1S$SBPyhCAWJdGdVKBt9uA+JP0tevVllYJzq3OQW5mYVLo=
1,tester,Update12345
1,tester,pbkdf2_sha256$720000$In8HH12O5288qjgp480J6Z$wqzK56/QZOS0uaU3aSOxVPf6AF1YJ0LwpOhhd86TvEE=
2,tester_created,Pass12345
1,tester,pbkdf2_sha256$720000$qV4B76L9ZWslihaBFxwvBu$0lxuS88dzR4UGRl2eKMJseUOZOMa4DPxoHG2uGuPBHo=
1,tester,pbkdf2_sha256$720000$Df8UIeW0vubWtKUxKDyWoL$kuxtjLRMLZye4VueP0EMR0JbVYPs0kxhr6H4QwDdMCY=
1,tester,pbkdf2_sha256$720000$hrEvfz3gHnJIGloUljb6bW$QpNhVvpv9ubpFYagl62DV8jEJDkPdD7PXCn1cCBL6dY=
1,tester,pbkdf2_sha256$720000$qzDKGvBrihs8QRM9gttLKO$K4Y0RzkrImQYWzQJ8vziSomtz1zxZZPFgZYrhl5y6LI=
1,tester,Update12345
